image_id,label,prob_0,prob_1,prob_2,prob_3,prob_4,pred_label,pred_confidence,self_confidence,true_label_probability,max_other_probability,normalized_margin,entropy,is_misclassified,simple_rank
602031471.jpg,3,0.0091240171,0.0104262841,0.938848852,0.0091105548,0.0324902896,2,0.938848852,0.0091105548,0.0091105548,0.938848852,-0.9297382972,0.30381825552524766,True,0
3822534983.jpg,2,0.01063089792,0.060891185,0.01061025238,0.906713224,0.0111544145,3,0.906713224,0.01061025238,0.01061025238,0.906713224,-0.89610297162,0.4058972827275894,True,1
783577117.jpg,3,0.02166500404,0.7746063999999999,0.01378907792,0.0121426888,0.177796801,1,0.7746063999999999,0.0121426888,0.0121426888,0.7746063999999999,-0.7624637111999999,0.7005640085860774,True,2
3819082104.jpg,1,0.010665934602,0.01516040292,0.905485138,0.04071182584,0.02797668324,2,0.905485138,0.01516040292,0.01516040292,0.905485138,-0.89032473508,0.432222886091233,True,3
1654084150.jpg,2,0.00676029454,0.00780548392,0.016451171,0.9593986,0.00958442806,3,0.9593986,0.016451171,0.016451171,0.9593986,-0.942947429,0.2235399173677463,True,4
72925791.jpg,0,0.0183968658,0.06945577,0.0670241528,0.0396794912,0.80544371,4,0.80544371,0.0183968658,0.0183968658,0.80544371,-0.7870468442,0.7422054030955225,True,5
1057462029.jpg,0,0.018590151,0.714403412,0.0172571954,0.0253467776,0.224402472,1,0.714403412,0.018590151,0.018590151,0.714403412,-0.6958132610000001,0.8128790975493028,True,6
1553857773.jpg,2,0.0870985212,0.56767327,0.020195847758,0.01226751406,0.312764824,1,0.56767327,0.020195847758,0.020195847758,0.56767327,-0.547477422242,1.0303289821806052,True,7
4149113936.jpg,2,0.040328061,0.0252249189,0.022330815,0.195840644,0.7162755999999999,4,0.7162755999999999,0.022330815,0.022330815,0.7162755999999999,-0.6939447849999999,0.8655277514729575,True,8
1959916308.jpg,4,0.914736904,0.0446624196,0.00994967756,0.0080844496419999,0.0225665018,0,0.914736904,0.0225665018,0.0225665018,0.914736904,-0.8921704022,0.39073450858016706,True,9
3168989288.jpg,0,0.0229164132,0.0594735844,0.0602776624,0.3042194996,0.553112828,4,0.553112828,0.0229164132,0.0229164132,0.553112828,-0.5301964147999999,1.1132580276051542,True,10
3689984405.jpg,1,0.0205290526,0.0237429782,0.022903194,0.0124801603,0.920344624,4,0.920344624,0.0237429782,0.0237429782,0.920344624,-0.8966016457999999,0.3861807724289006,True,11
3878495459.jpg,3,0.01417691458,0.0144300476599999,0.0419543334,0.0243650034,0.905073692,4,0.905073692,0.0243650034,0.0243650034,0.905073692,-0.8807086886,0.4353218275868204,True,12
832729024.jpg,4,0.00913753208,0.1349018296,0.01305105496,0.8181137,0.02479588298,3,0.8181137,0.02479588298,0.02479588298,0.8181137,-0.79331781702,0.6256793746594564,True,13
2338166652.jpg,3,0.00828840502,0.892144504,0.0129059412,0.025636653,0.0610245041999999,1,0.892144504,0.025636653,0.025636653,0.892144504,-0.866507851,0.4622647347252452,True,14
2203540560.jpg,3,0.007533823416,0.926273556,0.008891505656,0.02577953664,0.0315215894,1,0.926273556,0.02577953664,0.02577953664,0.926273556,-0.9004940193600001,0.35303759057241935,True,15
2771434768.jpg,2,0.0360792801,0.01967582256,0.0260633786,0.1131663342,0.80501516,4,0.80501516,0.0260633786,0.0260633786,0.80501516,-0.7789517814,0.7133903054562334,True,16
2074036389.jpg,2,0.007126259964,0.0128805856,0.026327896,0.938141304,0.01552392202,3,0.938141304,0.026327896,0.026327896,0.938141304,-0.911813408,0.3116142909946343,True,17
2247595260.jpg,1,0.0078946418,0.0267336228,0.0151716234199999,0.0257682866,0.92443183,4,0.92443183,0.0267336228,0.0267336228,0.92443183,-0.8976982071999999,0.36550519063646714,True,18
3254381404.jpg,2,0.007486519744,0.0071536979104,0.026736088,0.9505287,0.00809502328,3,0.9505287,0.026736088,0.026736088,0.9505287,-0.923792612,0.256031885809218,True,19
2350465175.jpg,2,0.01654756562,0.035341883,0.0268554408,0.334250526,0.587004568,4,0.587004568,0.0268554408,0.0268554408,0.587004568,-0.5601491272,0.9621547057097778,True,20
2724554893.jpg,3,0.01010937608,0.907819408,0.0170925623,0.0275002092,0.0374784872,1,0.907819408,0.0275002092,0.0275002092,0.907819408,-0.8803191988000001,0.4256946225532153,True,21
85453943.jpg,1,0.01241364178,0.028071551,0.8865211,0.0596530294,0.01334070064,2,0.8865211,0.028071551,0.028071551,0.8865211,-0.8584495489999999,0.48732974507013405,True,22
1033962303.jpg,4,0.024006495,0.4268723199999999,0.311642988,0.2077295608,0.029748673,1,0.4268723199999999,0.029748673,0.029748673,0.4268723199999999,-0.3971236469999999,1.2472744403205767,True,23
3612201451.jpg,2,0.0821704946,0.0914159236,0.0324368291,0.0416700859999999,0.75230668,4,0.75230668,0.0324368291,0.0324368291,0.75230668,-0.7198698509,0.8817879394623139,True,24
3279881598.jpg,1,0.8041122599999999,0.0325811338,0.0307046796,0.0350923329999999,0.0975096179999999,0,0.8041122599999999,0.0325811338,0.0325811338,0.8041122599999999,-0.7715311261999999,0.7383576539560179,True,25
3496438505.jpg,4,0.0135644992,0.80775792,0.0788945972,0.0671545116,0.032628413,1,0.80775792,0.032628413,0.032628413,0.80775792,-0.775129507,0.724187285752489,True,26
362383094.jpg,1,0.025083317,0.0329028045,0.547059312,0.035703177,0.35925138,2,0.547059312,0.0329028045,0.0329028045,0.547059312,-0.5141565075,1.0215265128376596,True,27
155007305.jpg,2,0.0317132356,0.329318668,0.0335568588,0.032635336,0.572775908,4,0.572775908,0.0335568588,0.0335568588,0.572775908,-0.5392190492,1.0200115754908197,True,28
2635668715.jpg,3,0.0501595413,0.0285428914,0.284035604,0.0335799568,0.6036820359999999,4,0.6036820359999999,0.0335799568,0.0335799568,0.6036820359999999,-0.5701020791999999,1.0277636940394987,True,29
3973759314.jpg,2,0.0294012107999999,0.00795086548,0.037511331,0.918907552,0.00622903542898,3,0.918907552,0.037511331,0.037511331,0.918907552,-0.8813962209999999,0.3746281432816073,True,30
2586069156.jpg,1,0.02140992144,0.0393164898,0.0249978608,0.869864564,0.044411139782,3,0.869864564,0.0393164898,0.0393164898,0.869864564,-0.8305480742,0.5613290034250596,True,31
2279252876.jpg,2,0.0100717368028,0.011354588012,0.0405999914,0.8567964459999999,0.08117723718,3,0.8567964459999999,0.0405999914,0.0405999914,0.8567964459999999,-0.8161964545999999,0.5635072022482698,True,32
2191616657.jpg,4,0.00886590528,0.0120522385,0.00900589292,0.929065184,0.0410107887999999,3,0.929065184,0.0410107887999999,0.0410107887999999,0.929065184,-0.8880543952000002,0.3369081574999707,True,33
1909629301.jpg,1,0.01065259004,0.0427039328,0.85015586,0.07783405,0.018653579,2,0.85015586,0.0427039328,0.0427039328,0.85015586,-0.8074519272,0.5940567545040487,True,34
3924271775.jpg,4,0.1943257199999999,0.0947704163,0.572056184,0.096105684,0.0427419862,2,0.572056184,0.0427419862,0.0427419862,0.572056184,-0.5293141978,1.221015505481894,True,35
401824702.jpg,4,0.006670206994,0.00990640076,0.0578602864,0.8826499,0.0429132318,3,0.8826499,0.0429132318,0.0429132318,0.8826499,-0.8397366682,0.48931186159334905,True,36
1783550319.jpg,3,0.387875392,0.525665222,0.0080628258,0.0430322752,0.0353642776,1,0.525665222,0.0430322752,0.0430322752,0.525665222,-0.4826329468,0.9978232364901066,True,37
3887762313.jpg,0,0.0430571448,0.249151346,0.01830920878,0.01073840674,0.6787438960000001,4,0.6787438960000001,0.0430571448,0.0430571448,0.6787438960000001,-0.6356867512000001,0.8666202473907128,True,38
3456823667.jpg,4,0.0163787968,0.0288399659999999,0.0389587186,0.8709685,0.0448540442,3,0.8709685,0.0448540442,0.0448540442,0.8709685,-0.8261144558,0.5556091219823467,True,39
1054935979.jpg,1,0.0091739178839999,0.0455513328,0.019304868,0.91681044,0.009159445884,3,0.91681044,0.0455513328,0.0455513328,0.91681044,-0.8712591072,0.3825607997773446,True,40
4137861888.jpg,2,0.182850428,0.363646356,0.0463902792,0.047400605,0.35971229,1,0.363646356,0.0463902792,0.0463902792,0.363646356,-0.3172560768,1.3333010138529247,True,41
2703905057.jpg,1,0.01119299222,0.0478999181999999,0.0149039484,0.9204109,0.00559226831078,3,0.9204109,0.0478999181999999,0.0478999181999999,0.9204109,-0.8725109818000001,0.36386068640441316,True,42
3558035737.jpg,1,0.01697028804,0.0486190976,0.0204138654,0.8827464460000001,0.0312502875999999,3,0.8827464460000001,0.0486190976,0.0486190976,0.8827464460000001,-0.8341273484,0.5140273674635534,True,43
69869891.jpg,4,0.007571019918,0.0078609866232,0.0405207176,0.8950076,0.0490396688,3,0.8950076,0.0490396688,0.0490396688,0.8950076,-0.8459679312,0.4521104585868193,True,44
3487867690.jpg,4,0.0058324395302,0.01449836642,0.02188643392,0.90807842,0.0497043479999999,3,0.90807842,0.0497043479999999,0.0497043479999999,0.90807842,-0.8583740720000002,0.411790192204018,True,45
125703440.jpg,0,0.0511136348,0.0109700138,0.0162298021,0.4831898759999999,0.438496632,3,0.4831898759999999,0.0511136348,0.0511136348,0.4831898759999999,-0.4320762411999999,0.9813255085399273,True,46
1365612235.jpg,4,0.0102417418,0.0084867421,0.0231434762,0.90554889,0.0525791907999999,3,0.90554889,0.0525791907999999,0.0525791907999999,0.90554889,-0.8529696992000002,0.41926674868253,True,47
3867608934.jpg,2,0.01022527272,0.0107282739702,0.0537142776,0.90244614,0.02288603274,3,0.90244614,0.0537142776,0.0537142776,0.90244614,-0.8487318624,0.43165584289060294,True,48
3459275499.jpg,3,0.0071479295,0.01277023,0.0071455737,0.0549546312,0.917981624,4,0.917981624,0.0549546312,0.0549546312,0.917981624,-0.8630269928000001,0.3643078700789548,True,49
982241079.jpg,1,0.021309936,0.0571677887999999,0.026413245,0.0292861718,0.865822876,4,0.865822876,0.0571677887999999,0.0571677887999999,0.865822876,-0.8086550872,0.569738897968991,True,50
1558894441.jpg,1,0.01388818096,0.0586872264,0.1980861339999999,0.510351982,0.2189864759999999,3,0.510351982,0.0586872264,0.0586872264,0.510351982,-0.45166475559999997,1.2223927183023857,True,51
2736497961.jpg,4,0.89483358,0.0119034847,0.0229195486,0.01154744848,0.058795946,0,0.89483358,0.058795946,0.058795946,0.89483358,-0.836037634,0.4568395196630055,True,52
2181796105.jpg,1,0.449146436,0.061329931,0.01196936136,0.0233164176,0.454237862,4,0.454237862,0.061329931,0.061329931,0.454237862,-0.392907931,1.0297623394789854,True,53
90670123.jpg,4,0.0111023787,0.009124442344,0.0199775338,0.89601752,0.0637781128,3,0.89601752,0.0637781128,0.0637781128,0.89601752,-0.8322394072,0.4449159192766977,True,54
2454437891.jpg,4,0.752857804,0.1628792339999999,0.00642095434,0.01280366618,0.0650383462,0,0.752857804,0.0650383462,0.0650383462,0.752857804,-0.6878194578,0.7752531767547833,True,55
4267414655.jpg,1,0.76226254,0.065444326,0.1000854738,0.059198884,0.01300881445,0,0.76226254,0.065444326,0.065444326,0.76226254,-0.6968182140000001,0.8395668755859653,True,56
939153733.jpg,2,0.0098391108,0.0087877433999999,0.0666268491999999,0.906662762,0.008083521888,3,0.906662762,0.0666268491999999,0.0666268491999999,0.906662762,-0.8400359128000001,0.39532861015607434,True,57
422690051.jpg,2,0.019845279,0.614738988,0.0666745579599999,0.2074454339999999,0.0912957388,1,0.614738988,0.0666745579599999,0.0666745579599999,0.614738988,-0.5480644300400002,1.1022637052076922,True,58
144323754.jpg,3,0.007340872086,0.0041280779054,0.915977356,0.066939504,0.00561418471054,2,0.915977356,0.066939504,0.066939504,0.915977356,-0.8490378519999999,0.34922507063534874,True,59
873753078.jpg,1,0.0208803082,0.0720084263999999,0.083113118,0.72383026,0.1001678864,3,0.72383026,0.0720084263999999,0.0720084263999999,0.72383026,-0.6518218336,0.9414030782431513,True,60
1998622752.jpg,2,0.7408979400000001,0.0235105026,0.0720719704,0.0360674755999999,0.1274521048,0,0.7408979400000001,0.0720719704,0.0720719704,0.7408979400000001,-0.6688259696000001,0.8822995342501481,True,61
1419674728.jpg,3,0.623451148,0.11893257,0.0140519451599999,0.0733828772,0.170181444,0,0.623451148,0.0733828772,0.0733828772,0.623451148,-0.5500682708,1.1007872141313328,True,62
1272381477.jpg,4,0.6719415639999999,0.208145328,0.01932923,0.0251217528,0.0754621319999999,0,0.6719415639999999,0.0754621319999999,0.0754621319999999,0.6719415639999999,-0.596479432,0.9576695282665989,True,63
1303082197.jpg,1,0.608157772,0.078463784,0.0417453606,0.038602086,0.23303096,0,0.608157772,0.078463784,0.078463784,0.608157772,-0.529693988,1.0997971027865168,True,64
3757297104.jpg,4,0.136528994,0.0406394816,0.0590152312,0.684980572,0.0788357299999999,3,0.684980572,0.0788357299999999,0.0788357299999999,0.684980572,-0.6061448420000001,1.028484590755715,True,65
1812275285.jpg,2,0.607079994,0.20029396,0.079278598,0.0157964181,0.09755104962,0,0.607079994,0.079278598,0.079278598,0.607079994,-0.527801396,1.1185727058068362,True,66
3988908835.jpg,0,0.0792984474,0.01712464852,0.634176072,0.0190890072,0.250311824,2,0.634176072,0.0792984474,0.0792984474,0.634176072,-0.5548776246,0.9817171818515951,True,67
3727711580.jpg,0,0.0794435006,0.0162139408,0.1497907608,0.0288585424,0.725693264,4,0.725693264,0.0794435006,0.0794435006,0.725693264,-0.6462497634,0.8874104900439443,True,68
2365870613.jpg,4,0.0068610254295999,0.0092892039,0.01067430108,0.89111344,0.082062031,3,0.89111344,0.082062031,0.082062031,0.89111344,-0.809051409,0.43401339796953925,True,69
2165052077.jpg,4,0.008431248642,0.0102261128599999,0.03584192,0.8610049200000001,0.0844958496,3,0.8610049200000001,0.0844958496,0.0844958496,0.8610049200000001,-0.7765090704000001,0.5440825845077539,True,70
1587460202.jpg,2,0.532180968,0.061180324,0.085453923,0.01746367028,0.30372111,0,0.532180968,0.085453923,0.085453923,0.532180968,-0.44672704500000004,1.1494302653602757,True,71
10459387.jpg,4,0.0414287152,0.5652238199999999,0.01711186958,0.29000291,0.086232728,1,0.5652238199999999,0.086232728,0.086232728,0.5652238199999999,-0.47899109199999995,1.094305142799074,True,72
2962857550.jpg,4,0.00898839408,0.01083489072,0.882172624,0.01043733808,0.0875667404,2,0.882172624,0.0875667404,0.0875667404,0.882172624,-0.7946058836,0.46285017323461664,True,73
2953610226.jpg,1,0.8576254160000001,0.0883428232,0.0309220456,0.01051023124,0.0125994837999999,0,0.8576254160000001,0.0883428232,0.0883428232,0.8576254160000001,-0.7692825928000001,0.5565710223361161,True,74
2964319583.jpg,2,0.008169188838,0.00914968336,0.0885762599999999,0.885485338,0.008619528586,3,0.885485338,0.0885762599999999,0.0885762599999999,0.885485338,-0.7969090780000001,0.4455876646734905,True,75
2654097903.jpg,0,0.0899510469999999,0.154775924,0.0207976182,0.0510521292,0.68342328,4,0.68342328,0.0899510469999999,0.0899510469999999,0.68342328,-0.5934722330000001,0.9979851750199132,True,76
1034735631.jpg,1,0.01091640602,0.09010124,0.6156183559999999,0.01556560468,0.267798372,2,0.6156183559999999,0.09010124,0.09010124,0.6156183559999999,-0.525517116,0.9824508361406465,True,77
2128581284.jpg,4,0.58656131,0.0294074176,0.04299966558,0.2464729219999999,0.0945586888,0,0.58656131,0.0945586888,0.0945586888,0.58656131,-0.4920026212,1.120130299560014,True,78
1518949710.jpg,1,0.0411307998,0.0954879563999999,0.0335879835999999,0.00834795892,0.8214453039999999,4,0.8214453039999999,0.0954879563999999,0.0954879563999999,0.8214453039999999,-0.7259573476000001,0.6710310334788306,True,79
4234605337.jpg,3,0.0608226888,0.0492038274,0.7821753,0.095853328,0.0119448678099999,2,0.7821753,0.095853328,0.095853328,0.7821753,-0.686321972,0.7882994780862385,True,80
3468310197.jpg,2,0.0072766709939999,0.01138388552,0.096859554,0.87147302,0.013006886,3,0.87147302,0.096859554,0.096859554,0.87147302,-0.774613466,0.48925920558021135,True,81
3936409470.jpg,3,0.026495095156,0.0101891077,0.85603822,0.097091,0.01018654125,2,0.85603822,0.097091,0.097091,0.85603822,-0.7589472199999999,0.549141812423661,True,82
1222634459.jpg,3,0.22634435,0.0565695042,0.02494722604,0.0987800326,0.593358868,4,0.593358868,0.0987800326,0.0987800326,0.593358868,-0.4945788354,1.12921215625463,True,83
2196411231.jpg,4,0.5335762479999999,0.1298843684,0.0339585974,0.2037025479999999,0.0988782142,0,0.5335762479999999,0.0988782142,0.0988782142,0.5335762479999999,-0.43469803379999994,1.2680458195082653,True,84
3151692315.jpg,3,0.0532127073,0.0701826908,0.0462293284,0.0993575154,0.73101776,4,0.73101776,0.0993575154,0.0993575154,0.73101776,-0.6316602445999999,0.9431240330560836,True,85
4114788959.jpg,2,0.0064425316,0.01096676022,0.102807588,0.00836432206,0.871418776,4,0.871418776,0.102807588,0.102807588,0.871418776,-0.768611188,0.4758185505497716,True,86
4286158151.jpg,1,0.7880377300000001,0.1030530604,0.0512621424,0.020937291,0.0367097884,0,0.7880377300000001,0.1030530604,0.1030530604,0.7880377300000001,-0.6849846696000002,0.7764603975208078,True,87
1091869695.jpg,1,0.0129087394,0.1040506288,0.8386849599999999,0.0258991424,0.01845652818,2,0.8386849599999999,0.1040506288,0.1040506288,0.8386849599999999,-0.7346343311999999,0.6074548849504465,True,88
3472375086.jpg,4,0.84664214,0.03548359,0.0091139121,0.004643166816,0.10411718,0,0.84664214,0.10411718,0.10411718,0.84664214,-0.74252496,0.5627144813888928,True,89
1683319632.jpg,4,0.01576430726,0.01073655076,0.0184428521,0.8449625000000001,0.1100937736,3,0.8449625000000001,0.1100937736,0.1100937736,0.8449625000000001,-0.7348687264,0.5730047036978669,True,90
1722033032.jpg,2,0.64052714,0.0147020604,0.11080279,0.0204396432,0.213528364,0,0.64052714,0.11080279,0.11080279,0.64052714,-0.52972435,1.0003380632567231,True,91
1973109559.jpg,2,0.019620279082,0.021587851558,0.111753866,0.80926528,0.0377726986,3,0.80926528,0.111753866,0.111753866,0.80926528,-0.6975114139999999,0.6998510341488977,True,92
792936600.jpg,4,0.70477118,0.14259153,0.01030253578,0.0297723684,0.112562424,0,0.70477118,0.112562424,0.112562424,0.70477118,-0.592208756,0.9219498264525564,True,93
4088464085.jpg,0,0.1130096912,0.0125720864,0.406347004,0.457134734,0.0109364778404,3,0.457134734,0.1130096912,0.1130096912,0.457134734,-0.3441250428,1.0745667115460835,True,94
1150408914.jpg,1,0.0289499246,0.1156030126,0.0212496686,0.1189834418,0.715213972,4,0.715213972,0.1156030126,0.1156030126,0.715213972,-0.5996109594000001,0.9268208955044379,True,95
2961796760.jpg,2,0.00765587398,0.0329177488,0.118896804,0.824644502,0.015885084,3,0.824644502,0.118896804,0.118896804,0.824644502,-0.7057476979999999,0.6276608046251552,True,96
2792441656.jpg,4,0.01118345912,0.01354726592,0.047176124,0.807430662,0.120662504,3,0.807430662,0.120662504,0.120662504,0.807430662,-0.686768158,0.6804748580985941,True,97
1308234304.jpg,4,0.007897603528,0.0150875014,0.0237154698,0.82856548,0.1247339359999999,3,0.82856548,0.1247339359999999,0.1247339359999999,0.82856548,-0.703831544,0.6057058498392422,True,98
597389720.jpg,2,0.03729320782,0.0261050714,0.125008738,0.0434320688,0.768160904,4,0.768160904,0.125008738,0.125008738,0.768160904,-0.643152166,0.8165984771664838,True,99
4153074724.jpg,3,0.6562432199999999,0.1806606459999999,0.012866064244,0.1300057999999999,0.0202242724999999,0,0.6562432199999999,0.1300057999999999,0.1300057999999999,0.6562432199999999,-0.52623742,0.9856950937530845,True,100
3713301383.jpg,4,0.0164438102,0.01396924696,0.035472375,0.80121822,0.132896368,3,0.80121822,0.132896368,0.132896368,0.80121822,-0.668321852,0.6914285710734034,True,101
3630015138.jpg,1,0.8360738,0.1329933128,0.00854145848,0.0106375031,0.01175394758,0,0.8360738,0.1329933128,0.1329933128,0.8360738,-0.7030804871999999,0.5592385329038266,True,102
3198640904.jpg,4,0.008761181388,0.013115561982,0.02497909736,0.818889738,0.134254444,3,0.818889738,0.134254444,0.134254444,0.818889738,-0.684635294,0.6237178215539811,True,103
1966385524.jpg,4,0.0144930187,0.10933769,0.6074439979999999,0.13443387,0.134291424,2,0.6074439979999999,0.134291424,0.134291424,0.6074439979999999,-0.47315257399999994,1.1455601610654071,True,104
2221889127.jpg,1,0.6070429820000001,0.135652715,0.0334351192,0.0724743668,0.151394842,0,0.6070429820000001,0.135652715,0.135652715,0.6070429820000001,-0.4713902670000001,1.1636375453285706,True,105
1207142999.jpg,0,0.137099572,0.243624872,0.01454160478,0.0117849134,0.5929490040000001,4,0.5929490040000001,0.137099572,0.137099572,0.5929490040000001,-0.45584943200000005,1.0402130873332593,True,106
3817468539.jpg,2,0.0167954986,0.010761614744,0.1375027896,0.0128747561999999,0.82206534,4,0.82206534,0.1375027896,0.1375027896,0.82206534,-0.6845625503999999,0.6073361022042121,True,107
2541897274.jpg,2,0.066793564,0.55722013,0.13819272,0.03863049542,0.1991631384,1,0.55722013,0.13819272,0.13819272,0.55722013,-0.41902741000000004,1.227179220121345,True,108
3951490557.jpg,3,0.056991344,0.161651736,0.098614954,0.1397764859999999,0.542965498,4,0.542965498,0.1397764859999999,0.1397764859999999,0.542965498,-0.4031890120000001,1.2929303319916314,True,109
4109440762.jpg,1,0.037639406,0.1399982679999999,0.0525016217999999,0.067758078,0.70210262,4,0.70210262,0.1399982679999999,0.1399982679999999,0.70210262,-0.5621043520000001,0.9841264635307714,True,110
3106625505.jpg,3,0.0283037317,0.28731179,0.087615288,0.140103652,0.456665504,4,0.456665504,0.140103652,0.140103652,0.456665504,-0.316561852,1.3058455420191217,True,111
2908770842.jpg,1,0.005727472616,0.14502100698,0.0268452952,0.005147525302,0.8172586999999999,4,0.8172586999999999,0.14502100698,0.14502100698,0.8172586999999999,-0.6722376930199999,0.5987489351783396,True,112
3773447905.jpg,1,0.00733388234,0.1453806336,0.01404114502,0.821972576,0.0112717428164,3,0.821972576,0.1453806336,0.1453806336,0.821972576,-0.6765919424,0.5880012629543736,True,113
658285764.jpg,2,0.00962438792,0.0214439624,0.14887216,0.80712185,0.0129376366,3,0.80712185,0.14887216,0.14887216,0.80712185,-0.65824969,0.6398351860748058,True,114
3709241873.jpg,4,0.0240291196,0.504612134,0.3108159652,0.01092462542,0.1496181924,1,0.504612134,0.1496181924,0.1496181924,0.504612134,-0.3549939416000001,1.131503404073293,True,115
486370102.jpg,1,0.180125498,0.149744654,0.013074355908,0.009460756476,0.647594712,4,0.647594712,0.149744654,0.149744654,0.647594712,-0.49785005799999993,0.9752633055142216,True,116
2086525919.jpg,3,0.0222788344,0.0608489744,0.0569115078,0.152625935,0.707334772,4,0.707334772,0.152625935,0.152625935,0.707334772,-0.554708837,0.9500290194873444,True,117
1688625660.jpg,4,0.008418126808,0.0088269209724,0.01404989882,0.815738,0.1529670659999999,3,0.815738,0.1529670659999999,0.1529670659999999,0.815738,-0.6627709340000001,0.5952276972682591,True,118
3571866681.jpg,0,0.1552785876,0.458504392,0.0317168412,0.1260965282,0.228403624,1,0.458504392,0.1552785876,0.1552785876,0.458504392,-0.3032258044,1.3545778114114064,True,119
4275116781.jpg,0,0.158222068,0.04979364792,0.01044171174,0.009424596944,0.77211794,4,0.77211794,0.158222068,0.158222068,0.77211794,-0.6138958720000001,0.7323757103000814,True,120
4068398781.jpg,4,0.688409378,0.063252806,0.08115019636,0.0084131046399999,0.158774512,0,0.688409378,0.158774512,0.158774512,0.688409378,-0.529634866,0.9678396776792393,True,121
1931488881.jpg,0,0.161692842,0.510432268,0.031304555,0.0371688544,0.2594015104,1,0.510432268,0.161692842,0.161692842,0.510432268,-0.34873942599999996,1.2187177611329965,True,122
1945045418.jpg,1,0.0111841689,0.1629080944,0.0292956822,0.7879056179999999,0.008706449302,3,0.7879056179999999,0.1629080944,0.1629080944,0.7879056179999999,-0.6249975235999999,0.6784035758735341,True,123
291050311.jpg,0,0.1629375512,0.0788185704,0.010392485769,0.106633666,0.641217688,4,0.641217688,0.1629375512,0.1629375512,0.641217688,-0.47828013680000003,1.066970486920765,True,124
2497160011.jpg,0,0.1633594995,0.0518025072,0.0131780925,0.5970261699999999,0.174633742,3,0.5970261699999999,0.1633594995,0.1633594995,0.5970261699999999,-0.4336666704999999,1.1190673261486683,True,125
3203412332.jpg,0,0.1633759296,0.0655134976,0.1914,0.0191823202,0.560528242,4,0.560528242,0.1633759296,0.1633759296,0.560528242,-0.39715231239999993,1.1913227497044003,True,126
2999997152.jpg,2,0.0092933159,0.0292235214,0.165415756,0.7412793200000001,0.0547881,3,0.7412793200000001,0.165415756,0.165415756,0.7412793200000001,-0.575863564,0.8253928291691739,True,127
3720541939.jpg,2,0.008901443,0.77365343,0.168320998,0.037482646,0.0116414808999999,1,0.77365343,0.168320998,0.168320998,0.77365343,-0.605332432,0.7154304506182856,True,128
261391289.jpg,2,0.489642024,0.0429570236,0.168593755,0.1714453444,0.1273618106,0,0.489642024,0.168593755,0.168593755,0.489642024,-0.321048269,1.3497945333630479,True,129
1556792485.jpg,3,0.2962879419999999,0.0776218424,0.0284935206,0.171866642,0.4257300599999999,4,0.4257300599999999,0.171866642,0.171866642,0.4257300599999999,-0.2538634179999999,1.3264034885552412,True,130
1316173298.jpg,2,0.010148371058,0.01178999418,0.1721775599999999,0.79529976,0.010584302506,3,0.79529976,0.1721775599999999,0.1721775599999999,0.79529976,-0.6231222000000001,0.632132667217952,True,131
4113877744.jpg,4,0.555779096,0.215594778,0.01980119,0.03389941482,0.174925494,0,0.555779096,0.174925494,0.174925494,0.555779096,-0.38085360199999996,1.1546073342962375,True,132
2529805366.jpg,3,0.01162345006,0.0194884489999999,0.7643432,0.175476944,0.0290679614,2,0.7643432,0.175476944,0.175476944,0.7643432,-0.588866256,0.7421511343403313,True,133
3344412896.jpg,4,0.6540503240000001,0.135723146,0.0220286654,0.01270810002,0.175489762,0,0.6540503240000001,0.175489762,0.175489762,0.6540503240000001,-0.4785605620000001,0.9936573001854023,True,134
2437198013.jpg,1,0.231051228,0.1761526,0.03019923968,0.1034915732,0.459105336,4,0.459105336,0.1761526,0.1761526,0.459105336,-0.282952736,1.3422331075560265,True,135
2199920986.jpg,1,0.350175694,0.178186864,0.01515718042,0.2066092823999999,0.249870988,0,0.350175694,0.178186864,0.178186864,0.350175694,-0.17198882999999998,1.4106338941289376,True,136
1330510466.jpg,2,0.0982334156,0.2435265284,0.184269058,0.2240629519999999,0.249908,4,0.249908,0.184269058,0.184269058,0.249908,-0.06563894199999998,1.5652927934115182,True,137
1381453836.jpg,1,0.100930298,0.185487452,0.01082441988,0.006689817148,0.69606799,4,0.69606799,0.185487452,0.185487452,0.69606799,-0.5105805379999999,0.8786481093919252,True,138
1057579024.jpg,3,0.008578475576,0.73143698,0.0658094042,0.1857889968,0.008386163372,1,0.73143698,0.1857889968,0.1857889968,0.73143698,-0.5456479832000001,0.8014455141113515,True,139
4288246700.jpg,4,0.372964796,0.0655252279999999,0.01090017256,0.360637732,0.1899721,0,0.372964796,0.1899721,0.1899721,0.372964796,-0.18299269599999998,1.2790074816536592,True,140
1099870140.jpg,1,0.683048124,0.190272048,0.011345768718,0.0287646484,0.08656937,0,0.683048124,0.190272048,0.190272048,0.683048124,-0.49277607600000006,0.9407994533313516,True,141
3229676096.jpg,4,0.0548805024,0.0773229032,0.0800430185999999,0.595901096,0.191852486,3,0.595901096,0.191852486,0.191852486,0.595901096,-0.40404861,1.1845887145987648,True,142
3976477069.jpg,4,0.2372873919999999,0.37814696,0.1470519264,0.0445937208,0.192920016,1,0.37814696,0.192920016,0.192920016,0.37814696,-0.18522694399999998,1.4471051273757145,True,143
2857776257.jpg,4,0.282023768,0.500212058,0.0140959214,0.00832089806,0.195347306,1,0.500212058,0.195347306,0.195347306,0.500212058,-0.304864752,1.1224051361778253,True,144
3693124692.jpg,2,0.2404301499999999,0.0294832478,0.19783327,0.01296633852,0.5192869840000001,4,0.5192869840000001,0.19783327,0.19783327,0.5192869840000001,-0.32145371400000006,1.1637755106791159,True,145
997973414.jpg,1,0.01398882838,0.199911836,0.0323441004,0.383134574,0.3706206455999999,3,0.383134574,0.199911836,0.199911836,0.383134574,-0.183222738,1.2279788394798132,True,146
2250996072.jpg,2,0.49220138,0.271863566,0.20023061,0.0100430776,0.0256613971,0,0.49220138,0.20023061,0.20023061,0.49220138,-0.29197077000000005,1.1652221585922926,True,147
1632014154.jpg,4,0.0508600223999999,0.0294070888,0.032355058,0.6839624160000001,0.2034154348,3,0.6839624160000001,0.2034154348,0.2034154348,0.6839624160000001,-0.48054698120000006,0.9499548058216067,True,148
2409798912.jpg,4,0.025585687,0.1294423416,0.145448779,0.49587968,0.203643532,3,0.49587968,0.203643532,0.203643532,0.49587968,-0.292236148,1.310748693078957,True,149
2705189411.jpg,1,0.0235042736,0.2037741639999999,0.1606834636,0.345771026,0.266267072,3,0.345771026,0.2037741639999999,0.2037741639999999,0.345771026,-0.14199686200000008,1.4256281695021327,True,150
857910285.jpg,1,0.0470578624,0.204888086,0.091790234,0.02508660346,0.631177222,4,0.631177222,0.204888086,0.204888086,0.631177222,-0.42628913600000007,1.0707545060782633,True,151
195648573.jpg,3,0.0222793404,0.0171336936,0.420886198,0.207100024,0.332600736,2,0.420886198,0.207100024,0.207100024,0.420886198,-0.213786174,1.2108834497514191,True,152
83335504.jpg,2,0.01747044558,0.0659021239999999,0.2072083708,0.249773508,0.459645532,4,0.459645532,0.2072083708,0.2072083708,0.459645532,-0.25243716120000004,1.2798541529574874,True,153
3343975940.jpg,0,0.207851734,0.112188008,0.1245925052,0.058941934,0.4964258119999999,4,0.4964258119999999,0.207851734,0.207851734,0.4964258119999999,-0.2885740779999999,1.345964476232914,True,154
3308428199.jpg,2,0.0097549290399999,0.00779225692,0.2091723184,0.76559428,0.0076862213472,3,0.76559428,0.2091723184,0.2091723184,0.76559428,-0.5564219615999999,0.6521754821270207,True,155
375377758.jpg,0,0.2093458259999999,0.1180214636,0.0616660278,0.0262206572,0.5847460139999999,4,0.5847460139999999,0.2093458259999999,0.2093458259999999,0.5847460139999999,-0.375400188,1.160606428667474,True,156
1974290297.jpg,3,0.0358917491,0.0229007666,0.077479098,0.209575194,0.6541532,4,0.6541532,0.209575194,0.209575194,0.6541532,-0.44457800599999997,1.0092083840567352,True,157
3253799470.jpg,2,0.0212650624,0.1742694344,0.213572982,0.0150802662,0.57581226,4,0.57581226,0.213572982,0.213572982,0.57581226,-0.362239278,1.0971548205640513,True,158
235457255.jpg,1,0.141978516,0.214970026,0.0343203722,0.0134140349,0.59531706,4,0.59531706,0.214970026,0.214970026,0.59531706,-0.3803470339999999,1.0899481283025336,True,159
2189224346.jpg,4,0.0850619416,0.1695056399999999,0.0428856624,0.484230828,0.218315948,3,0.484230828,0.218315948,0.218315948,0.484230828,-0.26591487999999996,1.328928080675714,True,160
3275347756.jpg,3,0.0716794298,0.663095796,0.0244255414,0.219703612,0.0210955922,1,0.663095796,0.219703612,0.219703612,0.663095796,-0.443392184,0.9663659055778987,True,161
3247545226.jpg,1,0.4679464959999999,0.219835912,0.0225146626,0.25788684,0.0318160742,0,0.4679464959999999,0.219835912,0.219835912,0.4679464959999999,-0.24811058399999988,1.2329862829136464,True,162
2893323611.jpg,4,0.00960388388,0.0855305036,0.6496936959999999,0.0314412304,0.223730718,2,0.6496936959999999,0.223730718,0.223730718,0.6496936959999999,-0.42596297799999994,0.9788781926730004,True,163
2839558739.jpg,4,0.0132631547,0.6828390799999999,0.0409442774,0.0386942772,0.224259224,1,0.6828390799999999,0.224259224,0.224259224,0.6828390799999999,-0.45857985599999995,0.9097662991273845,True,164
1060644080.jpg,4,0.102117985,0.591373072,0.0615477816,0.0196014956,0.225359668,1,0.591373072,0.225359668,0.225359668,0.591373072,-0.366013404,1.1281147339479853,True,165
2940098090.jpg,2,0.009605641212,0.0456719268,0.227033822,0.012934852,0.7047537399999999,4,0.7047537399999999,0.227033822,0.227033822,0.7047537399999999,-0.4777199179999999,0.8250278687179197,True,166
1840283503.jpg,4,0.63920758,0.0792711775999999,0.04268186864,0.008257804222,0.2305815719999999,0,0.63920758,0.2305815719999999,0.2305815719999999,0.63920758,-0.4086260080000001,0.9995300543300789,True,167
3934102198.jpg,2,0.0187521082,0.01379092972,0.230869128,0.02305886796,0.7135289699999999,4,0.7135289699999999,0.230869128,0.230869128,0.7135289699999999,-0.4826598419999999,0.7998398182872131,True,168
93658953.jpg,1,0.021207367,0.231420032,0.118567202,0.0817618054,0.547043598,4,0.547043598,0.231420032,0.231420032,0.547043598,-0.315623566,1.20794500300189,True,169
3890031422.jpg,4,0.1476473744,0.57862528,0.0193231693,0.02274438822,0.2316598079999999,1,0.57862528,0.2316598079999999,0.2316598079999999,0.57862528,-0.3469654720000001,1.1001138236864665,True,170
1644503085.jpg,3,0.02020431994,0.0112066721,0.03087421888,0.233084464,0.704630306,4,0.704630306,0.233084464,0.233084464,0.704630306,-0.471545842,0.8226736961385865,True,171
1551047052.jpg,4,0.704437628,0.0394598058,0.00692192638,0.0148645269,0.2343161155999999,0,0.704437628,0.2343161155999999,0.2343161155999999,0.704437628,-0.4701215124000001,0.8113533862308602,True,172
1652157522.jpg,0,0.2347675524,0.386167528,0.0192077102,0.211341392,0.148515838,1,0.386167528,0.2347675524,0.2347675524,0.386167528,-0.1513999756,1.3952781749074006,True,173
2718170987.jpg,2,0.012099947308,0.019408423124,0.2371040856,0.7074339540000001,0.02395361276,3,0.7074339540000001,0.2371040856,0.2371040856,0.7074339540000001,-0.47032986840000013,0.8054151451437508,True,174
3882450563.jpg,1,0.05073482,0.237489458,0.067415446,0.065730918,0.5786293440000001,4,0.5786293440000001,0.237489458,0.237489458,0.5786293440000001,-0.3411398860000001,1.1699775821877083,True,175
584996062.jpg,0,0.23800611,0.608591248,0.0523738482,0.0435542196,0.057474592,1,0.608591248,0.23800611,0.23800611,0.608591248,-0.370585138,1.0990073455366631,True,176
3925441906.jpg,3,0.01122451038,0.0118629655999999,0.716162352,0.23844419,0.0223059693,2,0.716162352,0.23844419,0.23844419,0.716162352,-0.477718162,0.7687539337112878,True,177
365488535.jpg,1,0.487707252,0.241286584,0.01190777836,0.012303881,0.2467944924,0,0.487707252,0.241286584,0.241286584,0.487707252,-0.24642066799999998,1.145430649201427,True,178
3408953915.jpg,1,0.0910134719999999,0.242630442,0.01114711998,0.014978670078,0.640230334,4,0.640230334,0.242630442,0.242630442,0.640230334,-0.39759989199999995,0.9603007287470043,True,179
1137270192.jpg,3,0.0147390254,0.008442563348,0.724554182,0.244476984,0.00778726772062,2,0.724554182,0.244476984,0.244476984,0.724554182,-0.480077198,0.7181053198170241,True,180
116338302.jpg,4,0.01938775838,0.076277132,0.354782918,0.302404152,0.2471480539999999,2,0.354782918,0.2471480539999999,0.2471480539999999,0.354782918,-0.10763486400000011,1.3475100278912144,True,181
2765109909.jpg,4,0.650029976,0.0538655544,0.0375983972,0.01102250664,0.247483568,0,0.650029976,0.247483568,0.247483568,0.650029976,-0.402546408,0.9559761626139887,True,182
445058593.jpg,2,0.010530796,0.01361578022,0.247774708,0.710744942,0.0173337642,3,0.710744942,0.247774708,0.247774708,0.710744942,-0.46297023400000004,0.7651241100446845,True,183
3547244996.jpg,3,0.014601432132,0.0319006818,0.6902866259999999,0.250353974,0.01285726643,2,0.6902866259999999,0.250353974,0.250353974,0.6902866259999999,-0.4399326519999999,0.8301591115687983,True,184
2455854003.jpg,0,0.2507823412,0.0178735918,0.161328458,0.551688892,0.0183266989,3,0.551688892,0.2507823412,0.2507823412,0.551688892,-0.30090655080000006,1.1145434841804165,True,185
1260599331.jpg,2,0.018036596,0.0227270409999999,0.251689354,0.01533149056,0.692215516,4,0.692215516,0.251689354,0.251689354,0.692215516,-0.440526162,0.8243370188463666,True,186
4214625845.jpg,4,0.0114201474,0.0113350125,0.01341334042,0.7107240560000001,0.2531074279999999,3,0.7107240560000001,0.2531074279999999,0.2531074279999999,0.7107240560000001,-0.4576166280000002,0.7501325587189401,True,187
49703968.jpg,4,0.0222764630999999,0.0296929322,0.0242537255999999,0.67019932,0.253577552,3,0.67019932,0.253577552,0.253577552,0.67019932,-0.41662176800000006,0.8955047847760389,True,188
2260577745.jpg,4,0.601597048,0.100536644,0.034048438,0.00648724584,0.2573306039999999,0,0.601597048,0.2573306039999999,0.2573306039999999,0.601597048,-0.3442664440000001,1.0337319778340284,True,189
2202563232.jpg,4,0.138042082,0.154671532,0.147897924,0.301119036,0.2582694359999999,3,0.301119036,0.2582694359999999,0.2582694359999999,0.301119036,-0.0428496000000001,1.5557555348978276,True,190
431419127.jpg,2,0.0142171534,0.281606242,0.258716148,0.0373826171999999,0.408077852,4,0.408077852,0.258716148,0.258716148,0.408077852,-0.14936170400000004,1.2557434278625637,True,191
3334543433.jpg,0,0.259084748,0.089705038,0.1354469652,0.0339566652,0.4818066,4,0.4818066,0.259084748,0.259084748,0.4818066,-0.222721852,1.3036868025718333,True,192
3514164612.jpg,4,0.0373867088,0.01071421732,0.0090358952,0.6832739400000001,0.2595892039999999,3,0.6832739400000001,0.2595892039999999,0.2595892039999999,0.6832739400000001,-0.4236847360000002,0.8243262902445072,True,193
738553844.jpg,3,0.01423254716,0.02152164648,0.685964822,0.262243358,0.01603760772,2,0.685964822,0.262243358,0.262243358,0.685964822,-0.423721464,0.8189836597298982,True,194
1242441980.jpg,3,0.1365203655999999,0.3953093079999999,0.064119936,0.264886012,0.1391643739999999,1,0.3953093079999999,0.264886012,0.264886012,0.3953093079999999,-0.1304232959999999,1.4412045935777529,True,195
2805717623.jpg,1,0.0119473997,0.265229812,0.616791758,0.0131848048,0.092846224,2,0.616791758,0.265229812,0.265229812,0.616791758,-0.35156194599999996,0.9806953549674207,True,196
4256882986.jpg,3,0.0104444969,0.0426819104,0.668512788,0.266672414,0.01168840446,2,0.668512788,0.266672414,0.266672414,0.668512788,-0.401840374,0.8559459150117212,True,197
3725984716.jpg,3,0.01207071639,0.0103452164599999,0.697340916,0.2695555564,0.010687596512,2,0.697340916,0.2695555564,0.2695555564,0.697340916,-0.4277853596,0.7538740988775974,True,198
4153020952.jpg,4,0.0124210647,0.29651869,0.242227618,0.1791372,0.2696954259999999,1,0.29651869,0.2696954259999999,0.2696954259999999,0.29651869,-0.02682326400000007,1.4198891914891918,True,199
4122820167.jpg,2,0.125713537,0.0312595852,0.2710142132,0.0678535092,0.504159136,4,0.504159136,0.2710142132,0.2710142132,0.504159136,-0.23314492279999993,1.2506915468200153,True,200
1737787955.jpg,2,0.0452422284,0.0212979372,0.275192328,0.0131668407,0.6451006699999999,4,0.6451006699999999,0.275192328,0.275192328,0.6451006699999999,-0.36990834199999995,0.9169051598372491,True,201
4107485206.jpg,1,0.247299106,0.2770528319999999,0.00778180734,0.0187865732,0.449079696,4,0.449079696,0.2770528319999999,0.2770528319999999,0.449079696,-0.17202686400000006,1.1730964642622885,True,202
4184062100.jpg,2,0.00816253373,0.01898908812,0.2770932,0.0128244724,0.682930684,4,0.682930684,0.2770932,0.2770932,0.682930684,-0.405837484,0.7864518463611027,True,203
1501728003.jpg,0,0.2784939,0.16383281,0.090719342,0.102595148,0.364358806,4,0.364358806,0.2784939,0.2784939,0.364358806,-0.08586490599999996,1.4715669300173748,True,204
824811574.jpg,1,0.240108106,0.282183948,0.0602938742,0.312891876,0.104522198,3,0.312891876,0.282183948,0.282183948,0.312891876,-0.030707927999999995,1.4685055812743375,True,205
629637059.jpg,4,0.4881171119999999,0.198455362,0.009845683058,0.0208166598,0.282765176,0,0.4881171119999999,0.282765176,0.282765176,0.4881171119999999,-0.2053519359999999,1.154285679843925,True,206
2886723600.jpg,4,0.470499016,0.070642085,0.03690533384,0.138687846,0.28326572,0,0.470499016,0.28326572,0.28326572,0.470499016,-0.187233296,1.2949989738669103,True,207
3172927521.jpg,4,0.02449613464,0.0448279584,0.485867182,0.15950801,0.2853007079999999,2,0.485867182,0.2853007079999999,0.2853007079999999,0.485867182,-0.2005664740000001,1.2313881471180625,True,208
1983454737.jpg,4,0.54680726,0.068205372,0.0890757862,0.00947732966,0.286434234,0,0.54680726,0.286434234,0.286434234,0.54680726,-0.260373026,1.1309082410906464,True,209
631309846.jpg,3,0.00942278612,0.00832266964,0.6788812439999999,0.287847688,0.01552559942,2,0.6788812439999999,0.287847688,0.287847688,0.6788812439999999,-0.39103355599999995,0.7698778007767371,True,210
1372417670.jpg,4,0.647300844,0.02234459738,0.0206313792,0.018737059,0.2909861,0,0.647300844,0.2909861,0.2909861,0.647300844,-0.35631474399999996,0.8802829674963651,True,211
2185298493.jpg,4,0.607104376,0.0191183126,0.05571392596,0.0256704748,0.292392898,0,0.607104376,0.292392898,0.292392898,0.607104376,-0.314711478,0.9930656302578564,True,212
2722971247.jpg,3,0.03534625198,0.0438743699999999,0.014709079,0.292397962,0.6136723,4,0.6136723,0.292397962,0.292397962,0.6136723,-0.32127433799999994,0.9765755904811327,True,213
4103433070.jpg,4,0.0397381022,0.38472836,0.137453903,0.145361104,0.292718528,1,0.38472836,0.292718528,0.292718528,0.38472836,-0.09200983200000001,1.4083965013342374,True,214
4254996610.jpg,1,0.01351374142,0.294046638,0.0601153988,0.0126490702439999,0.619675128,4,0.619675128,0.294046638,0.294046638,0.619675128,-0.32562849,0.9389259342688177,True,215
301572737.jpg,1,0.493879012,0.295615064,0.0087538059,0.00732407056,0.194428052,0,0.493879012,0.295615064,0.295615064,0.493879012,-0.19826394800000002,1.1045802331976238,True,216
1436699751.jpg,4,0.0352094612,0.263909092,0.01450513388,0.388199536,0.298176772,3,0.388199536,0.298176772,0.298176772,0.388199536,-0.09002276400000003,1.258939612933534,True,217
2948559947.jpg,1,0.0131093061999999,0.2991904012,0.54770691,0.1086647492,0.0313286272,2,0.54770691,0.2991904012,0.2991904012,0.54770691,-0.24851650880000004,1.0972528900075633,True,218
542786109.jpg,2,0.0351395820799999,0.01833090478,0.300369,0.00812705882,0.63803344,4,0.63803344,0.300369,0.300369,0.63803344,-0.33766443999999995,0.8780591138995342,True,219
2336286082.jpg,3,0.016509667168,0.013673157664,0.653579688,0.301123128,0.0151143718524,2,0.653579688,0.301123128,0.301123128,0.653579688,-0.35245656,0.8291834643057081,True,220
3492280117.jpg,3,0.0453911679999999,0.155134307,0.4152098079999999,0.302956584,0.081308171,2,0.4152098079999999,0.302956584,0.302956584,0.4152098079999999,-0.11225322399999993,1.3602380285093212,True,221
114198015.jpg,3,0.00826744042,0.369632274,0.1652407679999999,0.308102348,0.148757146,1,0.369632274,0.308102348,0.308102348,0.369632274,-0.06152992599999996,1.3511966025756776,True,222
3135673078.jpg,3,0.0268937122,0.0318994092,0.0221100898,0.308390036,0.610706772,4,0.610706772,0.308390036,0.308390036,0.610706772,-0.30231673600000003,0.9553701559846096,True,223
674205254.jpg,3,0.00852069798,0.1345756008,0.522458848,0.308710732,0.025734129,2,0.522458848,0.308710732,0.308710732,0.522458848,-0.213748116,1.1067257149216718,True,224
3180077185.jpg,1,0.0647117858,0.3091472779999999,0.1116009342,0.0476403621999999,0.4668996399999999,4,0.4668996399999999,0.3091472779999999,0.3091472779999999,0.4668996399999999,-0.15775236199999998,1.285440409345445,True,225
1885492446.jpg,2,0.0442308466,0.048608103,0.312734836,0.01183394668,0.58259224,4,0.58259224,0.312734836,0.312734836,0.58259224,-0.26985740399999997,1.0156990141462605,True,226
2333079073.jpg,4,0.0800547978,0.2727619999999999,0.0737108696,0.259048886,0.314423456,4,0.314423456,0.314423456,0.314423456,0.2727619999999999,0.0416614560000001,1.4624108419424926,False,227
1226235183.jpg,2,0.0224951973,0.02039947278,0.315749494,0.61758424,0.023771611042,3,0.61758424,0.315749494,0.315749494,0.61758424,-0.301834746,0.9152814341986228,True,228
3357188995.jpg,2,0.02077468626,0.0131632581114,0.319648106,0.6123329279999999,0.0340810151,3,0.6123329279999999,0.319648106,0.319648106,0.6123329279999999,-0.29268482199999996,0.9175492429164475,True,229
2854111497.jpg,1,0.330754504,0.3204912359999999,0.151986882,0.1320430179999999,0.0647243532,0,0.330754504,0.3204912359999999,0.3204912359999999,0.330754504,-0.010263268000000103,1.461492712917743,True,230
542067115.jpg,2,0.01091417474,0.0109560012199999,0.32132484,0.6405091,0.01629591032,3,0.6405091,0.32132484,0.32132484,0.6405091,-0.31918426000000005,0.8159911135663518,True,231
2927770833.jpg,0,0.324452574,0.27436786,0.0211021946,0.0185780648,0.3614993,4,0.3614993,0.324452574,0.324452574,0.3614993,-0.03704672600000003,1.2433369611690483,True,232
3158652079.jpg,4,0.642361004,0.00997498238,0.0164757511799999,0.004953477424,0.3262348,0,0.642361004,0.3262348,0.3262348,0.642361004,-0.31612620399999997,0.7896401439914388,True,233
3133224785.jpg,3,0.010834362502,0.0093204556,0.6368421439999999,0.328475446,0.01452760786,2,0.6368421439999999,0.328475446,0.328475446,0.6368421439999999,-0.30836669799999994,0.8071345479253881,True,234
4153204450.jpg,0,0.328771448,0.0569344066,0.05753257222,0.53037519,0.02638636398,3,0.53037519,0.328771448,0.328771448,0.53037519,-0.20160374199999997,1.1254277601416205,True,235
3452736649.jpg,0,0.3303729079999999,0.0183744406,0.150956023,0.021253336,0.47904332,4,0.47904332,0.3303729079999999,0.3303729079999999,0.47904332,-0.14867041200000009,1.1591709520117823,True,236
3167842843.jpg,3,0.0186295946,0.0338441296,0.5534838959999999,0.33123124,0.0628111316,2,0.5534838959999999,0.33123124,0.33123124,0.5534838959999999,-0.22225265599999994,1.0560235596048495,True,237
3810425289.jpg,0,0.3320534699999999,0.092533104,0.06871699,0.436738936,0.069957464,3,0.436738936,0.3320534699999999,0.3320534699999999,0.436738936,-0.10468546600000012,1.3182099435142438,True,238
1124255421.jpg,1,0.215304042,0.3354628819999999,0.00680040542,0.0226502308,0.41978245,4,0.41978245,0.3354628819999999,0.3354628819999999,0.41978245,-0.08431956800000007,1.1811585753362213,True,239
852177343.jpg,1,0.080957133,0.33583614,0.0089534927,0.0342571606,0.539996048,4,0.539996048,0.33583614,0.33583614,0.539996048,-0.204159908,1.06049741866708,True,240
2403663096.jpg,2,0.04870245828,0.017721014,0.3366455579999999,0.4241737519999999,0.172757218,3,0.4241737519999999,0.3366455579999999,0.3366455579999999,0.4241737519999999,-0.087528194,1.2522787521405259,True,241
983014273.jpg,4,0.464255756,0.156953956,0.017281462598,0.0231500056,0.338358826,0,0.464255756,0.338358826,0.338358826,0.464255756,-0.12589693000000002,1.170849964340164,True,242
3494142100.jpg,4,0.02783403116,0.0250921964,0.0143760103,0.5938113979999999,0.338886378,3,0.5938113979999999,0.338886378,0.338886378,0.5938113979999999,-0.25492501999999995,0.9293393683914828,True,243
354906125.jpg,3,0.0614911744,0.212521232,0.31261582,0.3392062999999999,0.0741654784,3,0.3392062999999999,0.3392062999999999,0.3392062999999999,0.31261582,0.026590479999999916,1.4237984260435141,False,244
3567018385.jpg,4,0.0581080428,0.5289264600000001,0.05606447,0.0173927562,0.339508268,1,0.5289264600000001,0.339508268,0.339508268,0.5289264600000001,-0.1894181920000001,1.100982323105689,True,245
3793586140.jpg,2,0.008970511951,0.0082147020464,0.3397951,0.623248032,0.0197716726399999,3,0.623248032,0.3397951,0.3397951,0.623248032,-0.283452932,0.8207625921256443,True,246
3324881806.jpg,2,0.177321954,0.0146278077,0.34157897,0.0220623846,0.444408932,4,0.444408932,0.34157897,0.34157897,0.444408932,-0.102829962,1.1800089646113037,True,247
1341694459.jpg,4,0.009441899,0.0206385093999999,0.0385147636,0.58783862,0.3435662,3,0.58783862,0.3435662,0.3435662,0.58783862,-0.24427242,0.928923082905285,True,248
725034194.jpg,3,0.022174891,0.08825016804,0.465282678,0.3447549299999999,0.0795373722,2,0.465282678,0.3447549299999999,0.3447549299999999,0.465282678,-0.1205277480000001,1.2231744509608455,True,249
3460883505.jpg,4,0.0333992262,0.0980334055999999,0.486336562,0.0373477256,0.344883056,2,0.486336562,0.344883056,0.344883056,0.486336562,-0.14145350599999995,1.1817118723622277,True,250
778101302.jpg,4,0.102929712,0.506304348,0.0089694459,0.0364153715999999,0.345381098,1,0.506304348,0.345381098,0.345381098,0.506304348,-0.16092325000000002,1.1087256129498013,True,251
2421660747.jpg,1,0.4829166359999999,0.346799728,0.0165850935,0.124852298,0.0288462354,0,0.4829166359999999,0.346799728,0.346799728,0.4829166359999999,-0.13611690799999993,1.1488234822572179,True,252
248967809.jpg,3,0.008632808133,0.007000057989,0.62650421,0.347762128,0.01010078602,2,0.62650421,0.347762128,0.347762128,0.62650421,-0.278742082,0.7824447092625411,True,253
3909952620.jpg,3,0.0099472296999999,0.009986946004,0.6219547240000001,0.348998606,0.0091125026152,2,0.6219547240000001,0.348998606,0.348998606,0.6219547240000001,-0.2729561180000001,0.7974227089326194,True,254
759559409.jpg,1,0.542649132,0.34923,0.0135281408,0.0504559011999999,0.04413684,0,0.542649132,0.34923,0.34923,0.542649132,-0.193419132,1.0457488133432555,True,255
3504347958.jpg,4,0.35505191,0.266721624,0.0125614982199999,0.0159549512,0.34971002,0,0.35505191,0.34971002,0.34971002,0.35505191,-0.005341890000000016,1.2085667685440273,True,256
2821817333.jpg,2,0.128937688,0.03592811204,0.349828264,0.244618564,0.240687364,2,0.349828264,0.349828264,0.349828264,0.244618564,0.10520969999999999,1.4382907718201428,False,257
490603548.jpg,1,0.567207814,0.351086832,0.02388606864,0.01726290616,0.0405564026399999,0,0.567207814,0.351086832,0.351086832,0.567207814,-0.21612098199999996,0.978374625950441,True,258
3765788774.jpg,4,0.160192824,0.441995498,0.0272805408,0.0179414194,0.3525897283999999,1,0.441995498,0.3525897283999999,0.3525897283999999,0.441995498,-0.08940576960000007,1.192189505610918,True,259
1060214168.jpg,0,0.3534948679999999,0.047657236,0.0328962864,0.0251748872,0.540776724,4,0.540776724,0.3534948679999999,0.3534948679999999,0.540776724,-0.18728185600000008,1.0501041935406932,True,260
2264163141.jpg,0,0.3534964471999999,0.2139311292,0.380264731,0.0256602578,0.0266474432,2,0.380264731,0.3534964471999999,0.3534964471999999,0.380264731,-0.026768283800000126,1.2557585649021283,True,261
3234850846.jpg,3,0.0236695846,0.209233872,0.36635326,0.357654962,0.0430883072,2,0.36635326,0.357654962,0.357654962,0.36635326,-0.008698297999999993,1.287017344790582,True,262
2103640329.jpg,2,0.00805504066,0.106393358,0.36057225,0.5009119200000001,0.02406743044,3,0.5009119200000001,0.36057225,0.36057225,0.5009119200000001,-0.14033967000000008,1.0810194057834,True,263
4140015912.jpg,3,0.00727449666,0.556159182,0.065082364,0.36230614,0.009177835826,1,0.556159182,0.36230614,0.36230614,0.556159182,-0.19385304200000003,0.9508156534019714,True,264
2503555715.jpg,3,0.008096822988,0.0084760798659999,0.0257281704,0.36687806,0.59082086,4,0.59082086,0.36687806,0.36687806,0.59082086,-0.2239428,0.852394317602805,True,265
664583876.jpg,1,0.013738811108,0.366879008,0.1961785691999999,0.399432128,0.02377145394,3,0.399432128,0.366879008,0.366879008,0.399432128,-0.03255311999999999,1.2017568723734993,True,266
3428113072.jpg,4,0.572744668,0.0362820644,0.0085173704,0.0104547031,0.3720012219999999,0,0.572744668,0.3720012219999999,0.3720012219999999,0.572744668,-0.2007434460000001,0.8956543598991002,True,267
744419664.jpg,3,0.009870551264,0.0074565621624,0.596695544,0.377006878,0.008970440722,2,0.596695544,0.377006878,0.377006878,0.596695544,-0.21968866600000003,0.8002662407663024,True,268
1436413250.jpg,4,0.531794012,0.02401019816,0.01028567912,0.052758661,0.38115144,0,0.531794012,0.38115144,0.38115144,0.531794012,-0.15064257199999997,0.995305955450055,True,269
3913747475.jpg,1,0.0429419907999999,0.3816735099999999,0.050404888,0.4765526819999999,0.048426919,3,0.4765526819999999,0.3816735099999999,0.3816735099999999,0.4765526819999999,-0.09487917200000001,1.153226385209405,True,270
738656611.jpg,3,0.01567124748,0.067317844,0.061368902,0.38462174,0.471020244,4,0.471020244,0.38462174,0.38462174,0.471020244,-0.08639850399999999,1.140159540578597,True,271
1872997067.jpg,3,0.009267623784,0.00891456468,0.5886873499999999,0.385124694,0.008005757496,2,0.5886873499999999,0.385124694,0.385124694,0.5886873499999999,-0.20356265599999995,0.8035130867212946,True,272
2982657452.jpg,4,0.039969357,0.155775626,0.0438351558,0.375110664,0.385309182,4,0.385309182,0.385309182,0.385309182,0.375110664,0.01019851799999999,1.2906949271726054,False,273
3270798775.jpg,3,0.0108632572,0.0500906656,0.525127616,0.3858867,0.0280317547399999,2,0.525127616,0.3858867,0.3858867,0.525127616,-0.139240916,1.0049801002646923,True,274
3762629314.jpg,2,0.01540476366,0.02584169418,0.386679792,0.01354782598,0.5585259579999999,4,0.5585259579999999,0.386679792,0.386679792,0.5585259579999999,-0.1718461659999999,0.909755654524803,True,275
58667011.jpg,2,0.021663306,0.0136583345999999,0.3869580375999999,0.5711383,0.00658207074,3,0.5711383,0.3869580375999999,0.3869580375999999,0.5711383,-0.18418026240000007,0.8620231700535348,True,276
2209572670.jpg,0,0.388405632,0.5666597,0.0107145723,0.0216924814,0.01252763942,1,0.5666597,0.388405632,0.388405632,0.5666597,-0.178254068,0.8757488196511046,True,277
3260576372.jpg,3,0.012868127,0.011242299106,0.564176048,0.390543498,0.02117001804,2,0.564176048,0.390543498,0.390543498,0.564176048,-0.17363255,0.8782085745801717,True,278
674360414.jpg,1,0.54067584,0.390900396,0.019031176982,0.01312688592,0.0362656846,0,0.54067584,0.390900396,0.390900396,0.54067584,-0.14977544400000004,0.9522188425247589,True,279
484625436.jpg,3,0.0165567598,0.0410983075999999,0.542986328,0.391586078,0.0077725550844,2,0.542986328,0.391586078,0.391586078,0.542986328,-0.15140025000000001,0.9355458122305177,True,280
938751255.jpg,2,0.01306740294,0.01150225638,0.393595612,0.57128768,0.01054703913,3,0.57128768,0.393595612,0.393595612,0.57128768,-0.17769206799999998,0.8428941379351766,True,281
3350687852.jpg,3,0.00817119286,0.1407986216,0.449110548,0.39433874,0.00758093622,2,0.449110548,0.39433874,0.39433874,0.449110548,-0.05477180799999998,1.0787729270308084,True,282
3976294368.jpg,4,0.0121858685,0.122921272,0.455726548,0.0147813257,0.394384964,2,0.455726548,0.394384964,0.394384964,0.455726548,-0.061341584000000005,1.0987572299206183,True,283
2069885945.jpg,3,0.0998479251999999,0.076141074,0.0778782332,0.394601558,0.351531176,3,0.394601558,0.394601558,0.394601558,0.351531176,0.04307038200000002,1.359371262750419,False,284
3613383486.jpg,1,0.01180771256,0.395990916,0.115179148,0.463080768,0.0139414724,3,0.463080768,0.395990916,0.395990916,0.463080768,-0.06708985199999995,1.084253862434645,True,285
3959033347.jpg,0,0.3970404319999999,0.0098934036,0.01060822692,0.00869314944,0.573764784,4,0.573764784,0.3970404319999999,0.3970404319999999,0.573764784,-0.17672435200000008,0.8206439804696869,True,286
388808106.jpg,4,0.0356678456,0.168343998,0.127191778,0.26910923,0.3996871780000001,4,0.3996871780000001,0.3996871780000001,0.3996871780000001,0.26910923,0.1305779480000001,1.4009074966482797,False,287
1208561216.jpg,3,0.008975677954,0.01779935232,0.5475287428,0.40358044,0.02211578712,2,0.5475287428,0.40358044,0.40358044,0.5475287428,-0.14394830279999998,0.8943036009293968,True,288
1506855289.jpg,2,0.007346498724,0.0146470114,0.404725736,0.458317516,0.114963228,3,0.458317516,0.404725736,0.404725736,0.458317516,-0.05359177999999998,1.070310127656003,True,289
2806021040.jpg,4,0.273693156,0.304963984,0.00732100718,0.009060238,0.40496162,4,0.40496162,0.40496162,0.40496162,0.304963984,0.099997636,1.1614866338543692,False,290
2526623317.jpg,3,0.1904663876,0.295176404,0.0209563148,0.4049714,0.088429458,3,0.4049714,0.4049714,0.4049714,0.295176404,0.10979499599999998,1.3375777058698108,False,291
3271797853.jpg,1,0.12547332,0.40502094,0.0239469046,0.1115671476,0.333991714,1,0.40502094,0.40502094,0.40502094,0.333991714,0.071029226,1.326822151181827,False,292
4152070738.jpg,1,0.01457496708,0.405171542,0.309833032,0.24972012,0.02070036752,1,0.405171542,0.405171542,0.405171542,0.309833032,0.09533850999999999,1.217450854516979,False,293
2923119977.jpg,1,0.1700463052,0.407615492,0.011267979958,0.03124533698,0.379824892,1,0.407615492,0.407615492,0.407615492,0.379824892,0.0277906,1.1936012779299405,False,294
2116832558.jpg,4,0.44293828,0.1157720678,0.014472805,0.01831923362,0.408497578,0,0.44293828,0.408497578,0.408497578,0.44293828,-0.034440702000000045,1.110603509559723,True,295
464249040.jpg,4,0.517409718,0.053743602,0.013092296448,0.005693034968,0.4100613399999999,0,0.517409718,0.4100613399999999,0.4100613399999999,0.517409718,-0.10734837800000013,0.9497905691307921,True,296
1908392634.jpg,3,0.0104198315,0.00810031803,0.560065328,0.410100892,0.01131363984,2,0.560065328,0.410100892,0.410100892,0.560065328,-0.14996443599999998,0.8274865522289521,True,297
3547680343.jpg,4,0.0088988722,0.02189945336,0.5461038,0.01283934078,0.41025856,2,0.5461038,0.41025856,0.41025856,0.5461038,-0.13584524000000003,0.8775121806256597,True,298
961915557.jpg,4,0.01150849072,0.0328894884,0.531479992,0.01353623102,0.410585824,2,0.531479992,0.410585824,0.410585824,0.531479992,-0.12089416799999997,0.9233585657362682,True,299
